Image_id,View
im-000,axial
im-001,axial
im-002,axial
im-003,coronal
im-004,coronal
im-005,axial
im-006,axial
im-007,axial
im-008,axial
im-009,axial
im-010,axial
im-011,coronal
im-012,axial
im-013,coronal
im-014,axial
im-015,coronal
im-016,coronal
im-017,coronal
im-018,axial
im-019,coronal
im-020,axial
im-021,sagittal
im-022,axial
im-023,sagittal
im-024,sagittal
im-025,coronal
im-026,axial
im-027,sagittal
im-028,axial
im-029,axial
im-030,axial
im-031,sagittal
im-032,coronal
im-033,coronal
im-034,coronal
im-035,coronal
im-036,axial
im-037,coronal
im-038,axial
im-039,coronal
im-040,axial
im-041,coronal
im-042,sagittal
im-043,sagittal
im-044,coronal
im-045,axial
im-046,coronal
im-047,sagittal
im-048,coronal
im-049,sagittal
im-050,coronal
im-051,coronal
im-052,sagittal
im-053,sagittal
im-054,sagittal
im-055,sagittal
im-056,axial
im-057,axial
im-058,axial
im-059,axial
im-060,sagittal
im-061,sagittal
im-062,axial
im-063,axial
im-064,sagittal
im-065,sagittal
im-066,axial
im-067,sagittal
im-068,sagittal
im-069,coronal
im-070,axial
im-071,sagittal
im-072,coronal
im-073,axial
im-074,sagittal
im-075,axial
im-076,coronal
im-077,coronal
im-078,axial
im-079,coronal
im-080,coronal
im-081,coronal
im-082,coronal
im-083,sagittal
im-084,coronal
im-085,coronal
im-086,sagittal
im-087,coronal
im-088,sagittal
im-089,sagittal
im-090,coronal
im-091,sagittal
im-092,sagittal
im-093,sagittal
im-094,sagittal
im-095,sagittal
im-096,axial
im-097,coronal
im-098,sagittal
im-099,sagittal
im-100,sagittal
im-101,coronal
im-102,sagittal
im-103,sagittal
im-104,sagittal
im-105,coronal
im-106,axial
im-107,sagittal
im-108,sagittal
im-109,coronal
im-110,axial
im-111,axial
im-112,sagittal
im-113,axial
im-114,sagittal
im-115,coronal
im-116,sagittal
im-117,sagittal
im-118,coronal
im-119,sagittal
im-120,axial
im-121,coronal
im-122,coronal
im-123,axial
im-124,coronal
im-125,coronal
im-126,axial
im-127,sagittal
im-128,coronal
im-129,sagittal
im-130,sagittal
im-131,sagittal
im-132,coronal
im-133,sagittal
im-134,coronal
im-135,axial
im-136,axial
im-137,axial
im-138,coronal
im-139,axial
im-140,sagittal
im-141,coronal
im-142,axial
im-143,axial
im-144,coronal
im-145,sagittal
im-146,coronal
im-147,coronal
im-148,coronal
im-149,sagittal
im-150,sagittal
im-151,coronal
im-152,coronal
im-153,sagittal
im-154,axial
im-155,coronal
im-156,sagittal
im-157,sagittal
im-158,axial
im-159,coronal
im-160,axial
im-161,axial
im-162,coronal
im-163,sagittal
im-164,axial
im-165,axial
im-166,axial
im-167,sagittal
im-168,sagittal
im-169,coronal
im-170,sagittal
im-171,axial
im-172,coronal
im-173,axial
im-174,sagittal
im-175,coronal
im-176,sagittal
im-177,coronal
im-178,sagittal
im-179,coronal
im-180,coronal
im-181,coronal
im-182,axial
im-183,sagittal
im-184,coronal
im-185,sagittal
im-186,coronal
im-187,coronal
im-188,axial
im-189,coronal
im-190,coronal
im-191,coronal
im-192,coronal
im-193,axial
im-194,coronal
im-195,coronal
im-196,sagittal
im-197,sagittal
im-198,coronal
im-199,coronal
im-200,axial
im-201,axial
im-202,coronal
im-203,axial
im-204,sagittal
im-205,sagittal
im-206,coronal
im-207,sagittal
im-208,axial
im-209,sagittal
im-210,axial
im-211,axial
im-212,sagittal
im-213,axial
im-214,coronal
im-215,axial
im-216,sagittal
im-217,sagittal
im-218,axial
im-219,sagittal
im-220,sagittal
im-221,axial
im-222,axial
im-223,axial
im-224,axial
im-225,axial
im-226,axial
im-227,coronal
im-228,axial
im-229,axial
im-230,axial
im-231,sagittal
im-232,sagittal
im-233,axial
im-234,sagittal
im-235,sagittal
im-236,axial
im-237,axial
im-238,sagittal
im-239,coronal
im-240,axial
im-241,axial
im-242,axial
im-243,coronal
im-244,axial
im-245,coronal
im-246,coronal
im-247,sagittal
im-248,coronal
im-249,axial
im-250,sagittal
im-251,coronal
im-252,coronal
im-253,axial
im-254,coronal
im-255,coronal
im-256,sagittal
im-257,axial
im-258,sagittal
im-259,coronal
im-260,coronal
im-261,coronal
im-262,axial
im-263,sagittal
im-264,coronal
im-265,coronal
im-266,sagittal
im-267,coronal
im-268,axial
im-269,sagittal
im-270,sagittal
im-271,sagittal
im-272,coronal
im-273,sagittal
im-274,axial
im-275,coronal
im-276,axial
im-277,axial
im-278,sagittal
im-279,sagittal
im-280,axial
im-281,sagittal
im-282,axial
im-283,axial
im-284,axial
im-285,sagittal
im-286,sagittal
im-287,axial
im-288,axial
im-289,coronal
im-290,coronal
im-291,sagittal
im-292,sagittal
im-293,axial
im-294,sagittal
im-295,coronal
im-296,axial
im-297,coronal
im-298,sagittal
im-299,sagittal
